SubCount,Category,LikeCount,LikeCountRounded,LikedOrDisliked,ViewCount,ViewCountRounded
63239277,24,171969,172000,Liked,2393308,239350000
63239277,24,374081,374000,Liked,4034079,403400000
63239277,24,523171,523000,Disliked,9277923,927800000
63239277,24,427382,427500,Disliked,5711378,571150000
63239277,24,301086,301000,Liked,3983743,398350000
63239277,24,331388,331500,Disliked,5759269,575950000
63239277,24,351332,351500,Liked,5194836,519500000
63239277,20,185754,186000,Disliked,3376149,337600000
63239277,20,239012,239000,Liked,3594168,359400000
63239277,24,378934,379000,Liked,4326168,432600000
63239277,24,256156,256000,Liked,3690811,369100000
63239277,24,319163,319000,Liked,4742236,474200000
63239277,24,328431,328500,Liked,4744137,474400000
63239277,24,263768,264000,Liked,4789236,478900000
63239277,24,267530,267500,Liked,3417455,341750000
63239277,24,518273,518500,Liked,5089568,508950000
63239277,24,178249,178000,Disliked,2974147,297400000
63239277,24,188784,189000,Liked,3010389,301050000
63239277,24,487267,487500,Liked,5257192,525700000
63239277,24,312170,312000,Disliked,6311954,631200000
63239277,24,319489,319500,Disliked,5241906,524200000
63239277,24,577841,578000,Liked,6902328,690250000
63239277,24,438592,438500,Disliked,6525341,652550000
63239277,20,335114,335000,Liked,3746196,374600000
63239277,24,353502,353500,Liked,6116512,611650000
63239277,24,228648,228500,Disliked,3759664,375950000
63239277,24,468776,469000,Disliked,7606805,760700000
63239277,24,669509,669500,Liked,5456053,545600000
63239277,24,255601,255500,Disliked,4288183,428800000
63239277,24,185910,186000,Disliked,3020811,302100000
63239277,24,504034,504000,Liked,7109065,710900000
63239277,24,697644,697500,Liked,3685215,368500000
63239277,24,204207,204000,Disliked,3562412,356250000
63239277,24,242356,242500,Disliked,4578817,457900000
63239277,24,315508,315500,Disliked,3843761,384400000
63239277,24,200128,200000,Disliked,3506038,350600000
63239277,24,329169,329000,Disliked,5134506,513450000
63239277,22,259624,259500,Liked,3145789,314600000
63239277,24,257948,258000,Liked,3759672,375950000
63239277,24,667511,667500,Liked,7734661,773450000
63239277,24,177606,177500,Disliked,3134440,313450000
63239277,24,265838,266000,Liked,4507673,450750000
63239277,22,250300,250500,Liked,3585990,358600000
63239277,24,238790,239000,Liked,4024519,402450000
63239277,24,296269,296500,Disliked,5721193,572100000
63239277,24,374605,374500,Liked,7104904,710500000
63239277,23,381828,382000,Liked,5573287,557350000
63239277,24,307666,307500,Liked,5502515,550250000
63239277,22,267669,267500,Liked,4037091,403700000
48040144,10,3110,3000,Disliked,141255,14150000
48040144,10,4028,4000,Disliked,197234,19700000
48040144,10,9959,10000,Disliked,491159,49100000
48040144,10,5147,5000,Disliked,415209,41500000
48040144,10,650496,650500,Disliked,26426843,2642700000
48040144,10,17007,17000,Disliked,975063,97500000
48040144,10,228384,228500,Disliked,16258143,1625800000
48040144,10,3183,3000,Disliked,150729,15050000
48040144,10,2073,2000,Disliked,117699,11750000
48040144,10,3100,3000,Disliked,118354,11850000
48040144,10,3268,3500,Disliked,182918,18300000
48040144,10,10755,11000,Disliked,235071,23500000
48040144,10,1694,1500,Disliked,125917,12600000
48040144,10,2599,2500,Disliked,90659,9050000
48040144,10,4600,4500,Disliked,253257,25350000
48040144,10,4046,4000,Disliked,219722,21950000
48040144,10,14562,14500,Disliked,563230,56300000
48040144,10,6275,6500,Disliked,277244,27700000
48040144,10,15055,15000,Disliked,638605,63850000
48040144,10,4934,5000,Disliked,315084,31500000
48040144,10,2863,3000,Disliked,163641,16350000
48040144,10,6820,7000,Disliked,297196,29700000
48040144,10,318031,318000,Disliked,17683754,1768400000
48040144,10,12951,13000,Disliked,1000387,100050000
48040144,10,2201,2000,Disliked,200015,20000000
48040144,10,2587,2500,Disliked,158167,15800000
48040144,10,12431,12500,Disliked,549306,54950000
48040144,10,1168,1000,Disliked,97913,9800000
48040144,10,1340,1500,Disliked,133850,13400000
48040144,10,1503,1500,Disliked,96327,9650000
48040144,10,1427,1500,Disliked,93606,9350000
48040144,10,210,0,Disliked,26200,2600000
48040144,10,2927,3000,Disliked,123990,12400000
48040144,10,3137,3000,Disliked,153109,15300000
48040144,10,1020,1000,Disliked,67629,6750000
48040144,10,1017,1000,Disliked,97320,9750000
48040144,10,4775,5000,Disliked,244171,24400000
48040144,10,43616,43500,Disliked,7045010,704500000
48040144,10,5340,5500,Disliked,450940,45100000
48040144,10,1413,1500,Disliked,94569,9450000
48040144,10,1274,1500,Disliked,86629,8650000
48040144,10,812,1000,Disliked,81921,8200000
48040144,10,624,500,Disliked,49980,5000000
48040144,10,2358,2500,Disliked,117525,11750000
48040144,10,12786,13000,Disliked,2259928,226000000
48040144,10,10309,10500,Disliked,1150990,115100000
48040144,10,1082,1000,Disliked,63781,6400000
48040144,10,22525,22500,Disliked,3216821,321700000
48040144,10,1954,2000,Disliked,151546,15150000
39333756,24,10202,10000,Disliked,138402,13850000
39333756,24,90924,91000,Liked,1754049,175400000
39333756,24,113743,113500,Liked,2734893,273500000
39333756,24,46063,46000,Liked,981264,98150000
39333756,24,33098,33000,Liked,486818,48700000
39333756,24,44795,45000,Liked,441820,44200000
39333756,24,21707,21500,Liked,227080,22700000
39333756,24,34779,35000,Liked,712887,71300000
39333756,24,31067,31000,Liked,508836,50900000
39333756,24,95717,95500,Liked,3456834,345700000
39333756,24,86195,86000,Liked,2222225,222200000
39333756,24,69534,69500,Liked,1594206,159400000
39333756,24,275404,275500,Liked,12938467,1293850000
39333756,24,25132,25000,Liked,463107,46300000
39333756,24,33086,33000,Liked,454309,45450000
39333756,24,14278,14500,Liked,128488,12850000
39333756,24,270680,270500,Disliked,12740504,1274050000
39333756,24,38136,38000,Disliked,1094438,109450000
39333756,24,30606,30500,Liked,733451,73350000
39333756,24,61680,61500,Liked,2163908,216400000
39333756,24,59999,60000,Liked,1310001,131000000
39333756,24,42968,43000,Liked,722669,72250000
39333756,24,41218,41000,Liked,727238,72700000
39333756,24,67037,67000,Liked,1790674,179050000
39333756,24,55294,55500,Liked,880821,88100000
39333756,24,64527,64500,Liked,1463830,146400000
39333756,29,94451,94500,Liked,1651791,165200000
39333756,24,46745,46500,Liked,1028595,102850000
39333756,24,64432,64500,Liked,1598660,159850000
39333756,24,100538,100500,Liked,2026743,202650000
39333756,24,61643,61500,Liked,1615001,161500000
39333756,24,94753,95000,Liked,3559444,355950000
39333756,24,214268,214500,Disliked,9810547,981050000
39333756,24,50415,50500,Disliked,2841742,284150000
39333756,10,55282,55500,Disliked,3647371,364750000
39333756,24,19694,19500,Liked,564018,56400000
39333756,24,60566,60500,Disliked,3785999,378600000
39333756,24,9003,9000,Disliked,419553,41950000
39333756,10,12743,12500,Disliked,677396,67750000
39333756,10,33287,33500,Liked,1454375,145450000
39333756,10,27033,27000,Liked,956976,95700000
39333756,10,23492,23500,Disliked,1420934,142100000
39333756,10,24874,25000,Liked,1036660,103650000
39333756,10,53446,53500,Liked,2561064,256100000
39333756,10,32179,32000,Liked,1523053,152300000
39333756,10,62300,62500,Disliked,2306137,230600000
39333756,10,21484,21500,Disliked,1366713,136650000
39333756,10,38900,39000,Disliked,2408314,240850000
39333756,10,24465,24500,Disliked,2650763,265100000
34477877,10,1078211,1078000,Disliked,67892889,6789300000
34477877,10,3706831,3707000,Disliked,474388700,47438850000
34477877,10,252180,252000,Disliked,9812780,981300000
34477877,10,763747,763500,Disliked,46717170,4671700000
34477877,10,279394,279500,Disliked,21257221,2125700000
34477877,10,580040,580000,Disliked,52190809,5219100000
34477877,10,405474,405500,Disliked,30111213,3011100000
34477877,10,420227,420000,Disliked,42441795,4244200000
34477877,10,671295,671500,Disliked,75257262,7525750000
34477877,10,246162,246000,Liked,9068472,906850000
34477877,10,294843,295000,Liked,23264757,2326500000
34477877,10,369925,370000,Disliked,35680236,3568000000
34477877,10,5544669,5544500,Disliked,1352418924,1.35E+11
34477877,10,311847,312000,Disliked,19839560,1983950000
34477877,10,421031,421000,Disliked,35583790,3558400000
34477877,10,463769,464000,Disliked,50334947,5033500000
34477877,10,594514,594500,Disliked,52361333,5236150000
34477877,10,1079977,1080000,Disliked,108151873,10815200000
34477877,10,579462,579500,Disliked,64414830,6441500000
34477877,10,1091853,1092000,Disliked,116570348,11657050000
34477877,10,2678189,2678000,Disliked,413195988,41319600000
34477877,10,1949749,1949500,Disliked,281639749,28163950000
34477877,10,10290828,10291000,Disliked,2943233871,2.94E+11
34477877,10,42942,43000,Disliked,1109733,110950000
34477877,10,6918302,6918500,Disliked,1909815147,1.91E+11
34477877,10,1501519,1501500,Disliked,165044630,16504450000
34477877,10,1959520,1959500,Disliked,253216801,25321700000
34477877,10,160639,160500,Disliked,9459454,945950000
34477877,10,410151,410000,Disliked,48138373,4813850000
34477877,10,84116,84000,Disliked,3860891,386100000
34477877,10,1571042,1571000,Disliked,192730893,19273100000
34477877,10,78591,78500,Disliked,6959628,695950000
34477877,10,61944,62000,Disliked,3381014,338100000
34477877,10,224783,225000,Disliked,19875837,1987600000
34477877,10,160920,161000,Disliked,10531795,1053200000
34477877,10,83331,83500,Disliked,3749084,374900000
34477877,10,159123,159000,Disliked,11871035,1187100000
34477877,10,78393,78500,Disliked,3038330,303850000
34477877,10,209185,209000,Disliked,16291544,1629150000
34477877,10,238997,239000,Disliked,15688618,1568850000
34477877,10,216815,217000,Disliked,19627833,1962800000
34477877,10,115126,115000,Disliked,5907770,590800000
34477877,10,283779,284000,Disliked,28256919,2825700000
34477877,10,358578,358500,Disliked,31209527,3120950000
34477877,10,448452,448500,Disliked,46714029,4671400000
34477877,10,635941,636000,Disliked,71652869,7165300000
34477877,10,184957,185000,Disliked,14917180,1491700000
34477877,10,79670,79500,Disliked,6534052,653400000
34477877,10,83222,83000,Disliked,8047830,804800000
33908241,24,1555187,1555000,Disliked,26814964,2681500000
33908241,24,1320188,1320000,Disliked,28945976,2894600000
33908241,24,1264018,1264000,Disliked,31327775,3132800000
33908241,24,1051858,1052000,Disliked,28582910,2858300000
33908241,24,1727343,1727500,Liked,57160393,5716050000
33908241,24,961547,961500,Liked,26088770,2608900000
33908241,24,1448617,1448500,Liked,46923763,4692400000
33908241,24,1162441,1162500,Liked,31574736,3157450000
33908241,24,1263784,1264000,Liked,50165512,5016550000
33908241,24,874076,874000,Liked,29296962,2929700000
33908241,24,866084,866000,Disliked,32351040,3235100000
33908241,24,844420,844500,Liked,24254066,2425400000
33908241,24,1028476,1028500,Liked,29826432,2982650000
33908241,24,871702,871500,Disliked,24994551,2499450000
33908241,24,1451686,1451500,Disliked,49669375,4966950000
33908241,24,631232,631000,Liked,15812317,1581250000
33908241,24,2166914,2167000,Disliked,34432183,3443200000
33908241,24,937599,937500,Liked,33633233,3363300000
33908241,24,1038627,1038500,Liked,35952215,3595200000
33908241,24,995144,995000,Liked,29376735,2937650000
33908241,24,1522472,1522500,Liked,59298230,5929800000
33908241,24,914332,914500,Liked,34119719,3411950000
33908241,24,1454433,1454500,Liked,36741964,3674200000
33908241,24,635193,635000,Disliked,11237160,1123700000
33908241,24,454175,454000,Disliked,17763993,1776400000
33908241,24,2642146,2642000,Disliked,45194602,4519450000
33908241,24,784202,784000,Liked,24529166,2452900000
33908241,24,689206,689000,Liked,20386611,2038650000
33908241,24,916072,916000,Liked,36812955,3681300000
33908241,24,819900,820000,Disliked,31588959,3158900000
33908241,24,792209,792000,Liked,21524492,2152450000
33908241,24,1662004,1662000,Liked,36826341,3682650000
33908241,24,892886,893000,Liked,14557900,1455800000
33908241,24,1054325,1054500,Liked,45607186,4560700000
33908241,24,1224516,1224500,Liked,47108108,4710800000
33908241,24,1195498,1195500,Liked,35839105,3583900000
33908241,24,665647,665500,Liked,22901627,2290150000
33908241,24,1545810,1546000,Liked,61695518,6169550000
33908241,24,1537278,1537500,Liked,47631001,4763100000
33908241,24,1314732,1314500,Liked,39853081,3985300000
33908241,24,951227,951000,Liked,20684180,2068400000
33908241,24,978236,978000,Liked,31017543,3101750000
33908241,22,354747,354500,Disliked,7096762,709700000
33908241,24,1219526,1219500,Liked,31328192,3132800000
33908241,24,1010957,1011000,Liked,27118825,2711900000
33908241,24,688835,689000,Liked,22948518,2294850000
33908241,24,1132032,1132000,Liked,45637149,4563700000
33908241,24,1206657,1206500,Liked,33017226,3301700000
33908241,24,679467,679500,Disliked,20542548,2054250000
34511052,10,170730,170500,Liked,1334193,133400000
34511052,10,17087,17000,Disliked,227867,22800000
34511052,10,174318,174500,Liked,2132405,213250000
34511052,10,123833,124000,Disliked,2276293,227650000
34511052,10,45795,46000,Disliked,2868581,286850000
34511052,10,149363,149500,Disliked,3320117,332000000
34511052,10,51566,51500,Disliked,3597810,359800000
34511052,10,26838,27000,Disliked,807465,80750000
34511052,10,90244,90000,Disliked,2004770,200500000
34511052,10,42871,43000,Disliked,962017,96200000
34511052,10,41503,41500,Disliked,1029265,102950000
34511052,10,29535,29500,Disliked,502439,50250000
34511052,10,91569,91500,Disliked,2364688,236450000
34511052,10,28644,28500,Disliked,508358,50850000
34511052,10,48927,49000,Disliked,1059516,105950000
34511052,10,16498,16500,Disliked,300069,30000000
34511052,10,36210,36000,Disliked,648044,64800000
34511052,10,112438,112500,Disliked,2944679,294450000
34511052,10,493335,493500,Disliked,11468780,1146900000
34511052,10,445268,445500,Liked,13696862,1369700000
34511052,10,65481,65500,Disliked,1521444,152150000
34511052,10,288707,288500,Disliked,10492374,1049250000
34511052,10,76312,76500,Disliked,2181623,218150000
34511052,10,112878,113000,Disliked,2809966,281000000
34511052,10,38844,39000,Disliked,708015,70800000
34511052,10,195225,195000,Disliked,4697050,469700000
34511052,10,124669,124500,Disliked,3261576,326150000
34511052,10,31168,31000,Disliked,630163,63000000
34511052,10,37344,37500,Disliked,640874,64100000
34511052,10,65350,65500,Disliked,1492517,149250000
34511052,10,100376,100500,Disliked,3894227,389400000
34511052,10,456803,457000,Disliked,11339479,1133950000
34511052,10,101907,102000,Disliked,2387032,238700000
34511052,10,125151,125000,Disliked,2675120,267500000
34511052,10,1167779,1168000,Disliked,49976794,4997700000
34511052,10,1336238,1336000,Disliked,97453121,9745300000
34511052,10,52954,53000,Disliked,1388809,138900000
34511052,10,24015,24000,Disliked,459342,45950000
34511052,10,234439,234500,Liked,4883557,488350000
34511052,10,27819,28000,Disliked,482400,48250000
34511052,10,148619,148500,Disliked,3159491,315950000
34511052,10,127979,128000,Disliked,1771629,177150000
34511052,10,54346,54500,Disliked,939460,93950000
34511052,10,1014059,1014000,Disliked,31685284,3168550000
34511052,10,79970,80000,Disliked,2443442,244350000
34511052,10,51160,51000,Disliked,1215801,121600000
34511052,10,36474,36500,Disliked,677557,67750000
34511052,10,533459,533500,Disliked,22824637,2282450000
34511052,10,533691,533500,Disliked,14283651,1428350000
31606619,10,50008,50000,Liked,701611,70150000
31606619,10,1543020,1543000,Disliked,94578671,9457850000
31606619,10,239145,239000,Disliked,14904061,1490400000
31606619,10,1649099,1649000,Disliked,118341996,11834200000
31606619,10,1675203,1675000,Disliked,172181932,17218200000
31606619,10,6898548,6898500,Disliked,1123591490,1.12E+11
31606619,10,74065,74000,Liked,1653530,165350000
31606619,10,1736679,1736500,Disliked,224487268,22448750000
31606619,10,859469,859500,Disliked,52620452,5262050000
31606619,10,2690989,2691000,Disliked,364813893,36481400000
31606619,10,862787,863000,Disliked,117588705,11758850000
31606619,10,32365,32500,Liked,1437911,143800000
31606619,10,39229,39000,Liked,1844359,184450000
31606619,10,172223,172000,Liked,8372086,837200000
31606619,10,46937,47000,Disliked,2696892,269700000
31606619,10,48505,48500,Liked,3320117,332000000
31606619,10,421650,421500,Disliked,84647166,8464700000
31606619,10,520013,520000,Disliked,102013846,10201400000
31606619,10,324997,325000,Liked,52522909,5252300000
31606619,10,257661,257500,Disliked,50287040,5028700000
31606619,10,377132,377000,Disliked,70059052,7005900000
31606619,10,260601,260500,Disliked,73665301,7366550000
31606619,10,208892,209000,Disliked,48815404,4881550000
31606619,10,628137,628000,Disliked,124299118,12429900000
31606619,10,310585,310500,Disliked,46174514,4617450000
31606619,10,573211,573000,Disliked,128208589,12820850000
31606619,10,211877,212000,Disliked,31318433,3131850000
31606619,10,265500,265500,Disliked,46736563,4673650000
31606619,10,391685,391500,Liked,23737584,2373750000
31606619,10,748845,749000,Liked,48677232,4867700000
31606619,10,16564199,16564000,Disliked,3555813977,3.56E+11
31606619,10,2000706,2000500,Disliked,321104633,32110450000
31606619,10,4441001,4441000,Disliked,774759358,77475950000
31606619,10,1638914,1639000,Disliked,307060132,30706000000
31606619,10,126297,126500,Liked,8421228,842100000
31606619,10,91922,92000,Liked,8924422,892450000
31606619,10,57645,57500,Liked,2253198,225300000
31606619,10,21232,21000,Liked,393128,39300000
31606619,10,41422,41500,Liked,792767,79300000
31606619,10,71892,72000,Liked,2912627,291250000
31606619,10,3466463,3466500,Disliked,636765563,63676550000
31606619,10,13192,13000,Liked,426331,42650000
31606619,10,194115,194000,Disliked,25819395,2581950000
31606619,10,10164,10000,Liked,566013,56600000
31606619,10,23154,23000,Liked,763740,76350000
31606619,10,39985,40000,Liked,455157,45500000
31606619,10,24833,25000,Liked,618941,61900000
31606619,10,77283,77500,Liked,1932393,193250000
31606619,10,14103,14000,Liked,879983,88000000
30977846,17,415855,416000,Disliked,17009083,1700900000
30977846,17,513047,513000,Disliked,20929451,2092950000
30977846,17,447659,447500,Disliked,21346477,2134650000
30977846,17,445328,445500,Disliked,18524001,1852400000
30977846,17,1045066,1045000,Liked,32185403,3218550000
30977846,17,333729,333500,Disliked,20620257,2062050000
30977846,17,550085,550000,Disliked,28153128,2815300000
30977846,17,737616,737500,Liked,26978179,2697800000
30977846,17,628615,628500,Liked,26602894,2660300000
30977846,17,1579406,1579500,Liked,75625305,7562550000
30977846,17,661422,661500,Disliked,28958497,2895850000
30977846,17,451696,451500,Liked,15863514,1586350000
30977846,17,551544,551500,Disliked,29641855,2964200000
30977846,17,462250,462500,Disliked,31002665,3100250000
30977846,17,879643,879500,Disliked,61054465,6105450000
30977846,17,498497,498500,Disliked,32294517,3229450000
30977846,17,418025,418000,Liked,17710009,1771000000
30977846,17,446799,447000,Disliked,19008909,1900900000
30977846,17,524938,525000,Liked,31320227,3132000000
30977846,17,508116,508000,Liked,22624078,2262400000
30977846,17,628650,628500,Disliked,34707839,3470800000
30977846,17,2260861,2261000,Liked,60687725,6068750000
30977846,17,629347,629500,Liked,34771769,3477200000
30977846,17,900362,900500,Liked,26576749,2657650000
30977846,17,1540663,1540500,Liked,67754005,6775400000
30977846,17,845584,845500,Disliked,66515096,6651500000
30977846,17,1289343,1289500,Disliked,88299554,8829950000
30977846,17,392227,392000,Liked,19370642,1937050000
30977846,17,1470981,1471000,Liked,83661711,8366150000
30977846,17,414419,414500,Liked,21164372,2116450000
30977846,17,1102257,1102500,Liked,31994874,3199500000
30977846,17,1142518,1142500,Liked,44196205,4419600000
30977846,17,3823244,3823000,Disliked,136534692,13653450000
30977846,17,357177,357000,Disliked,28021338,2802150000
30977846,17,344565,344500,Disliked,27106121,2710600000
30977846,17,655059,655000,Liked,42996370,4299650000
30977846,17,405771,406000,Liked,25812057,2581200000
30977846,17,475136,475000,Liked,34511212,3451100000
30977846,17,285554,285500,Liked,11479858,1148000000
30977846,17,534095,534000,Liked,18935037,1893500000
30977846,17,269124,269000,Disliked,21594712,2159450000
30977846,17,1102518,1102500,Disliked,87995331,8799550000
30977846,17,430712,430500,Disliked,38440962,3844100000
30977846,17,501562,501500,Liked,33667986,3366800000
30977846,17,523251,523500,Disliked,51373578,5137350000
30977846,17,344895,345000,Disliked,32740370,3274050000
30977846,17,264350,264500,Disliked,23747369,2374750000
30977846,17,542732,542500,Disliked,47507328,4750750000
30977846,17,187612,187500,Disliked,20469429,2046950000
30231338,10,24937,25000,Liked,279928,28000000
30231338,10,37310,37500,Liked,867502,86750000
30231338,10,67787,68000,Liked,1746283,174650000
30231338,10,56056,56000,Disliked,1268316,126850000
30231338,10,28937,29000,Liked,413399,41350000
30231338,10,31328,31500,Disliked,2902184,290200000
30231338,10,81410,81500,Liked,2352484,235250000
30231338,10,18818,19000,Disliked,285813,28600000
30231338,10,73550,73500,Disliked,1840690,184050000
30231338,10,91004,91000,Disliked,3495861,349600000
30231338,10,45933,46000,Liked,1076124,107600000
30231338,10,37339,37500,Disliked,686898,68700000
30231338,10,15332,15500,Liked,636672,63650000
30231338,10,20757,21000,Liked,681164,68100000
30231338,10,61694,61500,Disliked,4562437,456250000
30231338,10,85954,86000,Disliked,5228351,522850000
30231338,10,405215,405000,Disliked,40610484,4061050000
30231338,10,84286,84500,Disliked,4277329,427750000
30231338,10,23589,23500,Disliked,903103,90300000
30231338,10,24716,24500,Disliked,990011,99000000
30231338,10,49188,49000,Disliked,1828287,182850000
30231338,10,92971,93000,Liked,5653566,565350000
30231338,10,134106,134000,Liked,8569418,856950000
30231338,10,24133,24000,Disliked,1031735,103150000
30231338,10,7527,7500,Liked,190883,19100000
30231338,10,7925,8000,Liked,206387,20650000
30231338,10,132539,132500,Disliked,18694231,1869400000
30231338,10,14152,14000,Liked,393629,39350000
30231338,10,8435,8500,Liked,673280,67350000
30231338,10,15417,15500,Disliked,1997523,199750000
30231338,10,7434,7500,Liked,563344,56350000
30231338,10,45026,45000,Liked,2754884,275500000
30231338,10,15781,16000,Liked,1249925,125000000
30231338,29,7803,8000,Liked,320161,32000000
30231338,10,6969,7000,Liked,390911,39100000
30231338,10,39113,39000,Disliked,3077322,307750000
30231338,10,5112,5000,Liked,231716,23150000
30231338,10,6631,6500,Liked,392045,39200000
30231338,10,10139,10000,Liked,802752,80300000
30231338,10,3634,3500,Liked,190119,19000000
30231338,10,34302,34500,Disliked,5836134,583600000
30231338,10,10553,10500,Liked,689198,68900000
30231338,10,3269,3500,Liked,162760,16300000
30231338,10,1993,2000,Liked,91962,9200000
30231338,10,2648,2500,Liked,106803,10700000
30231338,10,4598,4500,Liked,227882,22800000
30231338,10,3247,3000,Liked,136023,13600000
30231338,10,8523,8500,Disliked,860279,86050000
30231338,10,2619,2500,Liked,85152,8500000
4623,10,63,0,Disliked,20816,2100000
29653437,24,47225,47000,Liked,1911901,191200000
29653437,24,2027,2000,Liked,44278,4450000
29653437,24,3683,3500,Liked,119645,11950000
29653437,24,10463,10500,Liked,588882,58900000
29653437,24,6296,6500,Disliked,726058,72600000
29653437,24,5365,5500,Disliked,459436,45950000
29653437,24,4322,4500,Disliked,363482,36350000
29653437,24,8804,9000,Disliked,1323531,132350000
29653437,24,4132,4000,Disliked,362440,36250000
29653437,24,2244,2000,Liked,45341,4550000
29653437,24,5335,5500,Liked,425118,42500000
29653437,24,9145,9000,Disliked,1288391,128850000
29653437,24,5172,5000,Liked,454166,45400000
29653437,24,1806,2000,Liked,55631,5550000
29653437,24,3234,3000,Liked,91605,9150000
29653437,24,16911,17000,Disliked,2436772,243700000
29653437,24,3224,3000,Disliked,776549,77650000
29653437,24,1810,2000,Disliked,104948,10500000
29653437,24,5027,5000,Disliked,728456,72850000
29653437,24,5406,5500,Liked,440940,44100000
29653437,24,5866,6000,Disliked,566668,56650000
29653437,24,687,500,Disliked,43536,4350000
29653437,24,1204,1000,Disliked,118020,11800000
29653437,24,743,500,Disliked,38890,3900000
29653437,24,1087,1000,Disliked,97853,9800000
29653437,24,16515,16500,Disliked,2839703,283950000
29653437,24,59780,60000,Disliked,8757851,875800000
29653437,24,4069,4000,Liked,409831,41000000
29653437,24,1318,1500,Disliked,156264,15650000
29653437,24,1551,1500,Disliked,107932,10800000
29653437,24,1443,1500,Liked,231929,23200000
29653437,24,702,500,Liked,80317,8050000
29653437,24,2201,2000,Liked,385566,38550000
29653437,10,9918,10000,Disliked,2973602,297350000
29653437,10,963,1000,Disliked,158055,15800000
29653437,10,1044,1000,Disliked,150867,15100000
29653437,10,2098,2000,Disliked,359427,35950000
29653437,10,1172,1000,Disliked,188919,18900000
29653437,19,4568,4500,Liked,599685,59950000
29653437,10,2276,2500,Disliked,441593,44150000
29653437,10,1707,1500,Disliked,227061,22700000
29653437,10,2634,2500,Liked,306436,30650000
29653437,10,3459,3500,Disliked,559992,56000000
29653437,10,451,500,Liked,32545,3250000
29653437,10,6871,7000,Disliked,938637,93850000
29653437,24,2989,3000,Disliked,467080,46700000
29653437,24,1204,1000,Disliked,221718,22150000
29653437,24,7220,7000,Disliked,1420191,142000000
29653437,24,2199,2000,Disliked,517548,51750000
29659706,20,175939,176000,Liked,3405862,340600000
29659706,24,1024622,1024500,Liked,9399328,939950000
29659706,20,461574,461500,Liked,8579333,857950000
29659706,23,412706,412500,Liked,5341066,534100000
29659706,20,270038,270000,Liked,4338842,433900000
29659706,23,906791,907000,Liked,10803439,1080350000
29659706,20,680005,680000,Liked,5127866,512800000
29659706,20,63750,64000,Liked,4111486,411150000
29659706,23,856637,856500,Liked,6627570,662750000
29659706,20,560021,560000,Liked,5809860,581000000
29659706,23,563857,564000,Liked,8811167,881100000
29659706,20,1051809,1052000,Liked,16145113,1614500000
29659706,20,428176,428000,Liked,6314957,631500000
29659706,23,565363,565500,Liked,8296695,829650000
29659706,24,653822,654000,Liked,8494746,849450000
29659706,20,193656,193500,Disliked,3806459,380650000
29659706,24,1330365,1330500,Disliked,13571117,1357100000
29659706,20,724453,724500,Liked,8850386,885050000
29659706,20,721616,721500,Disliked,11981271,1198150000
29659706,20,169606,169500,Disliked,3319984,332000000
29659706,20,581841,582000,Liked,7573091,757300000
29659706,23,879900,880000,Liked,13450094,1345000000
29659706,23,667572,667500,Liked,8883564,888350000
29659706,20,214358,214500,Disliked,3398566,339850000
29659706,20,515921,516000,Liked,7492791,749300000
29659706,23,567487,567500,Liked,8137037,813700000
29659706,24,254265,254500,Liked,4099887,410000000
29659706,20,794401,794500,Liked,11406115,1140600000
29659706,23,779155,779000,Liked,7051298,705150000
29659706,24,987227,987000,Liked,13102708,1310250000
29659706,23,712147,712000,Liked,6258740,625850000
29659706,24,265608,265500,Disliked,5861509,586150000
29659706,23,536742,536500,Liked,6767224,676700000
29659706,24,1092268,1092500,Liked,9991856,999200000
29659706,24,262360,262500,Liked,5446345,544650000
29659706,24,1119477,1119500,Liked,14264115,1426400000
29659706,23,401723,401500,Liked,5649294,564950000
29659706,23,864822,865000,Liked,11214568,1121450000
29659706,23,758609,758500,Liked,6592088,659200000
29659706,24,303962,304000,Liked,4829006,482900000
29659706,23,594279,594500,Liked,8824238,882400000
29659706,20,290097,290000,Liked,4326143,432600000
29659706,24,292259,292500,Liked,5281191,528100000
29659706,24,1007322,1007500,Liked,8481146,848100000
29659706,23,728499,728500,Liked,10841989,1084200000
29659706,24,587308,587500,Liked,8188877,818900000
29659706,24,653329,653500,Liked,10919741,1091950000
29659706,24,723437,723500,Liked,8081648,808150000
29659706,23,742381,742500,Liked,8299310,829950000
29737295,23,2134046,2134000,Liked,8406060,840600000
29737295,23,1554427,1554500,Liked,6718333,671850000
29737295,23,2502321,2502500,Liked,9464573,946450000
29737295,23,1865328,1865500,Liked,10995392,1099550000
29737295,23,1659948,1660000,Liked,8325912,832600000
29737295,23,1716714,1716500,Liked,10066482,1006650000
29737295,23,2060016,2060000,Liked,8387298,838750000
29737295,23,1458472,1458500,Liked,9236607,923650000
29737295,23,928232,928000,Liked,6219357,621950000
29737295,23,1786092,1786000,Liked,10750222,1075000000
29737295,23,1905136,1905000,Liked,8666967,866700000
29737295,23,2726877,2727000,Liked,13590719,1359050000
29737295,23,2459413,2459500,Liked,8445497,844550000
29737295,23,2407352,2407500,Liked,29314427,2931450000
29737295,23,3687112,3687000,Liked,13500785,1350100000
29737295,23,2074466,2074500,Liked,9472800,947300000
29737295,23,1954803,1955000,Liked,7562994,756300000
29737295,23,1658637,1658500,Liked,9687324,968750000
29737295,23,3733486,3733500,Liked,41830115,4183000000
29737295,23,747812,748000,Liked,6362000,636200000
29737295,23,576411,576500,Liked,3753071,375300000
29737295,23,2639892,2640000,Liked,13183210,1318300000
29737295,23,1716619,1716500,Liked,7295123,729500000
29737295,23,1359009,1359000,Liked,9175252,917550000
29737295,23,1053097,1053000,Liked,5820788,582100000
29737295,23,3189151,3189000,Liked,19773062,1977300000
29737295,23,2709320,2709500,Liked,12617086,1261700000
29737295,23,1597755,1598000,Liked,8544744,854450000
29737295,23,2484417,2484500,Liked,25175293,2517550000
29737295,23,3158397,3158500,Liked,14206780,1420700000
29737295,23,1112501,1112500,Liked,5701167,570100000
29737295,23,1710323,1710500,Liked,10194724,1019450000
29737295,23,1594855,1595000,Liked,12004179,1200400000
29737295,23,1892293,1892500,Liked,12667769,1266800000
29737295,23,3452997,3453000,Liked,50381212,5038100000
29737295,23,1624028,1624000,Liked,12877843,1287800000
29737295,23,1548358,1548500,Liked,8939275,893950000
29737295,23,3223750,3224000,Liked,33801362,3380150000
29737295,23,1809234,1809000,Liked,14550940,1455100000
29737295,23,983549,983500,Liked,6500950,650100000
29737295,23,908165,908000,Liked,4288042,428800000
29737295,23,1604986,1605000,Liked,23346855,2334700000
29737295,23,1597743,1597500,Liked,12092703,1209250000
29737295,23,2307948,2308000,Liked,12106934,1210700000
29737295,23,2205332,2205500,Liked,16525104,1652500000
29737295,23,1834270,1834500,Liked,11906111,1190600000
29737295,23,3855668,3855500,Liked,36417732,3641750000
29737295,23,1588930,1589000,Liked,11544702,1154450000
29737295,23,2250350,2250500,Liked,43451247,4345100000
28858021,10,11085,11000,Disliked,218285,21850000
28858021,10,17597,17500,Disliked,612880,61300000
28858021,10,6684,6500,Disliked,129416,12950000
28858021,10,251773,252000,Disliked,12600929,1260100000
28858021,10,2721,2500,Liked,89698,8950000
28858021,10,3981,4000,Liked,101214,10100000
28858021,10,3866,4000,Liked,103359,10350000
28858021,10,1875,2000,Disliked,94312,9450000
28858021,10,612,500,Liked,14561,1450000
28858021,10,654,500,Liked,13553,1350000
28858021,10,676,500,Liked,19935,2000000
28858021,10,5263,5500,Liked,346804,34700000
28858021,10,4467,4500,Liked,219868,22000000
28858021,10,2260,2500,Liked,68050,6800000
28858021,10,5425,5500,Liked,422150,42200000
28858021,10,14011,14000,Liked,1403246,140300000
28858021,10,2603,2500,Liked,124993,12500000
28858021,10,2452,2500,Liked,63469,6350000
28858021,10,2410,2500,Liked,110172,11000000
28858021,10,3988,4000,Liked,163323,16350000
28858021,10,8089,8000,Liked,365468,36550000
28858021,10,3333,3500,Liked,162566,16250000
28858021,10,47486,47500,Disliked,5296480,529650000
28858021,10,16045,16000,Disliked,3922448,392250000
28858021,10,4869,5000,Liked,141666,14150000
28858021,10,2474,2500,Disliked,79635,7950000
28858021,10,3762,4000,Liked,253150,25300000
28858021,10,10643,10500,Liked,1079384,107950000
28858021,10,4241,4000,Liked,231225,23100000
28858021,10,2253,2500,Liked,91401,9150000
28858021,10,3694,3500,Liked,112209,11200000
28858021,10,2801,3000,Disliked,168852,16900000
28858021,10,3142,3000,Liked,963028,96300000
28858021,10,4094,4000,Liked,270978,27100000
28858021,10,91530,91500,Disliked,8526615,852650000
28858021,10,6622,6500,Liked,139935,14000000
28858021,10,6606,6500,Liked,662301,66250000
28858021,10,6390,6500,Liked,271715,27150000
28858021,10,21518,21500,Liked,1173235,117300000
28858021,10,4045,4000,Liked,219182,21900000
28858021,10,7298,7500,Disliked,1040498,104050000
28858021,10,6086,6000,Disliked,653444,65350000
28858021,10,4991,5000,Liked,309925,31000000
28858021,10,488049,488000,Disliked,58537866,5853800000
28858021,10,76329,76500,Disliked,11610706,1161050000
28858021,10,165158,165000,Disliked,18032827,1803300000
28858021,10,862,1000,Disliked,183756,18400000
28858021,10,867,1000,Disliked,99252,9950000
28858021,10,7871,8000,Liked,712743,71250000
28373508,10,2480694,2480500,Disliked,186522625,18652250000
28373508,10,2487380,2487500,Disliked,158925541,15892550000
28373508,10,249366,249500,Disliked,7411858,741200000
28373508,10,822686,822500,Disliked,49115500,4911550000
28373508,10,2599761,2600000,Disliked,201405487,20140550000
28373508,10,977123,977000,Disliked,85290866,8529100000
28373508,10,7583963,7584000,Disliked,921005761,92100600000
28373508,10,1753744,1753500,Disliked,101726157,10172600000
28373508,10,61385,61500,Disliked,2681609,268150000
28373508,10,118630,118500,Disliked,4595083,459500000
28373508,10,18323,18500,Disliked,653515,65350000
28373508,10,3205704,3205500,Disliked,479043193,47904300000
28373508,10,738791,739000,Disliked,78058687,7805850000
28373508,10,164579,164500,Disliked,6950239,695000000
28373508,10,1434243,1434000,Disliked,135991533,13599150000
28373508,10,3107283,3107500,Disliked,610144773,61014500000
28373508,10,5847294,5847500,Disliked,1206545249,1.21E+11
28373508,10,2355356,2355500,Disliked,536510685,53651050000
28373508,10,8027724,8027500,Disliked,2299741633,2.30E+11
28373508,10,70465,70500,Disliked,10040111,1004000000
28373508,10,47579,47500,Disliked,6273628,627350000
28373508,10,36910,37000,Disliked,4005367,400550000
28373508,10,52000,52000,Disliked,7685640,768550000
28373508,10,45475,45500,Disliked,5825010,582500000
28373508,10,44520,44500,Disliked,4802202,480200000
28373508,10,102334,102500,Disliked,14518594,1451850000
28373508,10,63113,63000,Disliked,9274799,927500000
28373508,10,7420817,7421000,Disliked,2567792649,2.57E+11
28373508,10,14025,14000,Disliked,1471035,147100000
28373508,10,245903,246000,Disliked,36539421,3653950000
28373508,10,799862,800000,Disliked,146836387,14683650000
28373508,10,1960230,1960000,Disliked,269163791,26916400000
28373508,10,2047314,2047500,Disliked,475099454,47509950000
28373508,10,2321611,2321500,Disliked,403153440,40315350000
28373508,10,12431,12500,Disliked,1213771,121400000
28373508,10,69873,70000,Disliked,9320602,932050000
28373508,10,47711,47500,Disliked,5487189,548700000
28373508,10,83020,83000,Disliked,12363766,1236400000
28373508,10,30760,31000,Disliked,2792206,279200000
28373508,10,32620,32500,Disliked,3401199,340100000
28373508,10,46823,47000,Disliked,5533156,553300000
28373508,10,11311,11500,Disliked,1018514,101850000
28373508,10,9496,9500,Disliked,799647,79950000
28373508,10,15433,15500,Disliked,1735071,173500000
28373508,10,5810,6000,Disliked,630822,63100000
28373508,10,9437,9500,Disliked,759456,75950000
28373508,10,8763,9000,Disliked,744407,74450000
28373508,10,15421,15500,Disliked,3513129,351300000
28373508,10,833842,834000,Disliked,153857205,15385700000
28163980,20,686366,686500,Disliked,15674039,1567400000
28163980,20,826634,826500,Disliked,15359153,1535900000
28163980,23,889394,889500,Disliked,17994639,1799450000
28163980,20,494808,495000,Disliked,10503053,1050300000
28163980,24,905310,905500,Disliked,17017937,1701800000
28163980,20,681035,681000,Disliked,12954845,1295500000
28163980,20,687741,687500,Liked,8391099,839100000
28163980,24,800245,800000,Disliked,15521545,1552150000
28163980,20,902913,903000,Disliked,20648231,2064800000
28163980,20,1257788,1258000,Disliked,20468628,2046850000
28163980,20,434318,434500,Disliked,8196882,819700000
28163980,24,388079,388000,Disliked,9676049,967600000
28163980,20,1279615,1279500,Disliked,15544543,1554450000
28163980,20,593345,593500,Disliked,12667667,1266750000
28163980,20,731979,732000,Disliked,18889747,1888950000
28163980,20,762713,762500,Disliked,12893763,1289400000
28163980,24,650073,650000,Disliked,11371183,1137100000
28163980,24,739701,739500,Liked,12142000,1214200000
28163980,20,642872,643000,Disliked,10758750,1075900000
28163980,20,497735,497500,Disliked,11094367,1109450000
28163980,20,581008,581000,Disliked,12942573,1294250000
28163980,20,703513,703500,Disliked,16489647,1648950000
28163980,20,522698,522500,Disliked,11194424,1119450000
28163980,24,674555,674500,Liked,9593420,959350000
28163980,24,546438,546500,Liked,7199004,719900000
28163980,20,749259,749500,Liked,16873960,1687400000
28163980,24,749419,749500,Disliked,12165617,1216550000
28163980,24,784198,784000,Disliked,21650872,2165100000
28163980,20,422988,423000,Disliked,8239604,823950000
28163980,24,1323777,1324000,Disliked,24559901,2456000000
28163980,24,738335,738500,Disliked,15614536,1561450000
28163980,24,976975,977000,Disliked,13442297,1344250000
28163980,24,982216,982000,Disliked,19131468,1913150000
28163980,20,669062,669000,Disliked,11198480,1119850000
28163980,20,469457,469500,Disliked,9428202,942800000
28163980,20,1038603,1038500,Liked,14310838,1431100000
28163980,20,1421747,1421500,Liked,20240959,2024100000
28163980,20,656787,657000,Disliked,8060015,806000000
28163980,20,856121,856000,Liked,16779895,1678000000
28163980,24,1207297,1207500,Disliked,19887516,1988750000
28163980,20,685453,685500,Liked,15482444,1548250000
28163980,23,983739,983500,Disliked,20423898,2042400000
28163980,20,657570,657500,Disliked,12576329,1257650000
28163980,20,827185,827000,Disliked,18847503,1884750000
28163980,20,1169288,1169500,Disliked,23716153,2371600000
28163980,20,949091,949000,Disliked,29379009,2937900000
28163980,20,412495,412500,Disliked,9152414,915250000
28163980,20,1035991,1036000,Liked,17996027,1799600000
28163980,20,1120932,1121000,Disliked,41129780,4113000000
27574624,10,50098,50000,Liked,606825,60700000
27574624,10,35179,35000,Liked,279034,27900000
27574624,10,34834,35000,Liked,400198,40000000
27574624,10,50015,50000,Liked,811536,81150000
27574624,10,69212,69000,Liked,1152788,115300000
27574624,10,51305,51500,Liked,1062259,106250000
27574624,10,66738,66500,Liked,744789,74500000
27574624,10,54886,55000,Liked,484271,48450000
27574624,10,58494,58500,Liked,489461,48950000
27574624,10,84039,84000,Liked,952888,95300000
27574624,10,65866,66000,Liked,1076053,107600000
27574624,10,20788,21000,Liked,310975,31100000
27574624,10,16413,16500,Liked,263406,26350000
27574624,10,34852,35000,Liked,509802,51000000
27574624,10,35736,35500,Liked,473145,47300000
27574624,10,15307,15500,Liked,251977,25200000
27574624,10,16468,16500,Liked,290140,29000000
27574624,10,22556,22500,Liked,418380,41850000
27574624,10,22349,22500,Liked,367492,36750000
27574624,10,168101,168000,Liked,10121827,1012200000
27574624,10,13248,13000,Liked,231492,23150000
27574624,10,12943,13000,Liked,244266,24450000
27574624,10,14215,14000,Liked,244819,24500000
27574624,10,9458,9500,Liked,157369,15750000
27574624,10,8228,8000,Liked,139043,13900000
27574624,10,158195,158000,Liked,12424418,1242450000
27574624,10,11119,11000,Liked,199000,19900000
27574624,10,9892,10000,Liked,174943,17500000
27574624,10,41239,41000,Liked,3278026,327800000
27574624,10,53907,54000,Liked,3363338,336350000
27574624,10,12395,12500,Liked,276217,27600000
27574624,10,15160,15000,Liked,306546,30650000
27574624,10,53640,53500,Liked,801221,80100000
27574624,10,33704,33500,Liked,323124,32300000
27574624,10,523282,523500,Liked,50965079,5096500000
27574624,10,37430,37500,Liked,951212,95100000
27574624,10,30598,30500,Liked,471000,47100000
27574624,10,355225,355000,Liked,30082615,3008250000
27239100,24,378,500,Disliked,44973,4500000
27239100,24,4355,4500,Disliked,204235,20400000
27239100,24,8657,8500,Disliked,611167,61100000
27239100,24,156462,156500,Disliked,5502160,550200000
27239100,24,30487,30500,Disliked,1101864,110200000
27239100,24,3606253,3606500,Disliked,196308718,19630850000
27239100,24,1524,1500,Disliked,120061,12000000
27239100,24,28499,28500,Disliked,1037550,103750000
27239100,24,345,500,Disliked,100925,10100000
27239100,24,245,0,Disliked,146482,14650000
27239100,24,3719,3500,Disliked,166729,16650000
27239100,24,767,1000,Disliked,197627,19750000
27239100,24,14894,15000,Disliked,416888,41700000
27239100,24,295,500,Disliked,63850,6400000
27239100,24,2206,2000,Disliked,654964,65500000
27239100,24,2835,3000,Disliked,186159,18600000
27239100,24,1131,1000,Disliked,270954,27100000
27239100,24,208659,208500,Disliked,6398300,639850000
27239100,24,4528,4500,Disliked,1389855,139000000
27239100,24,730,500,Disliked,438093,43800000
27239100,24,143271,143500,Disliked,17071200,1707100000
27239100,24,4428,4500,Disliked,1525276,152550000
27239100,24,2282,2500,Disliked,394214,39400000
27239100,24,30006,30000,Disliked,3475309,347550000
27239100,24,2384,2500,Disliked,91121,9100000
27239100,24,54527,54500,Disliked,4753510,475350000
27239100,24,3997,4000,Disliked,744526,74450000
27239100,24,150766,151000,Disliked,7270882,727100000
27239100,25,51550,51500,Disliked,5499745,549950000
27239100,25,26419,26500,Disliked,1616853,161700000
27239100,25,3406162,3406000,Disliked,220015723,22001550000
27239100,25,3910,4000,Disliked,972847,97300000
27239100,25,8699,8500,Disliked,1845788,184600000
27239100,25,49611,49500,Disliked,2981653,298150000
27239100,25,269,500,Disliked,109735,10950000
27239100,25,922,1000,Disliked,171650,17150000
27239100,25,5089,5000,Disliked,1001689,100150000
27239100,25,4261,4500,Disliked,573296,57350000
27239100,25,11171,11000,Disliked,832631,83250000
27239100,25,516,500,Disliked,147922,14800000
27239100,25,230906,231000,Disliked,9978676,997850000
27239100,25,8186,8000,Disliked,1962812,196300000
27239100,25,3544,3500,Disliked,923068,92300000
27239100,25,3664,3500,Disliked,1031795,103200000
27239100,25,4069,4000,Disliked,1122542,112250000
27239100,25,2848,3000,Disliked,627664,62750000
27239100,25,3892,4000,Disliked,750978,75100000
26882829,10,1170613,1170500,Disliked,87375014,8737500000
26882829,10,108886,109000,Disliked,6647120,664700000
26882829,10,3271,3500,Disliked,8307,850000
26882829,10,4464,4500,Disliked,12030,1200000
26882829,10,3502,3500,Disliked,5799,600000
26882829,10,3760516,3760500,Disliked,449367555,44936750000
26882829,10,64724,64500,Disliked,1281679,128150000
26882829,10,154935,155000,Disliked,6917882,691800000
26882829,10,1092273,1092500,Disliked,82266059,8226600000
26882829,10,148799,149000,Disliked,8296933,829700000
26882829,10,39299,39500,Disliked,2084749,208450000
26882829,10,40892,41000,Disliked,1888442,188850000
26882829,10,28255,28500,Disliked,1228956,122900000
26882829,10,30885,31000,Disliked,1061779,106200000
26882829,10,77562,77500,Disliked,5348748,534850000
26882829,10,31976,32000,Disliked,1581762,158200000
26882829,10,75876,76000,Disliked,4709180,470900000
26882829,10,53930,54000,Disliked,2431475,243150000
26882829,10,34956,35000,Disliked,1719344,171950000
26882829,10,145948,146000,Disliked,10582624,1058250000
26882829,10,36491,36500,Disliked,1727620,172750000
26882829,10,60038,60000,Disliked,4146157,414600000
26882829,10,225734,225500,Disliked,18071879,1807200000
26882829,10,236824,237000,Disliked,16769702,1676950000
26882829,10,95036,95000,Disliked,6455687,645550000
26882829,10,761022,761000,Disliked,75381775,7538200000
26882829,10,3017375,3017500,Disliked,497271317,49727150000
26882829,10,266990,267000,Disliked,20601394,2060150000
26882829,10,51183,51000,Disliked,2545266,254550000
26882829,10,39099,39000,Disliked,1738256,173850000
26882829,10,189640,189500,Disliked,9215871,921600000
26882829,10,3115330,3115500,Disliked,491869463,49186950000
26882829,10,928186,928000,Disliked,84033594,8403350000
26882829,10,54426,54500,Disliked,1309480,130950000
26882829,10,1438502,1438500,Disliked,151142437,15114250000
26882829,10,615751,616000,Disliked,33634865,3363500000
26882829,10,101911,102000,Disliked,7209399,720950000
26882829,10,131272,131500,Disliked,11010436,1101050000
26882829,10,66470,66500,Disliked,4256581,425650000
26882829,10,72032,72000,Disliked,5089806,509000000
26882829,10,111427,111500,Disliked,6887748,688750000
26882829,10,59726,59500,Disliked,5634262,563450000
26882829,10,2350213,2350000,Disliked,673939616,67393950000
26882829,10,131217,131000,Disliked,12791764,1279200000
26882829,10,47922,48000,Disliked,6736900,673700000
26882829,10,23700,23500,Disliked,3353324,335350000
26882829,10,506414,506500,Disliked,67900703,6790050000
26882829,10,983797,984000,Disliked,265587641,26558750000
26882829,10,7233802,7234000,Disliked,2328013191,2.33E+11
26785905,10,242599,242500,Disliked,8215367,821550000
26785905,10,69703,69500,Disliked,1901621,190150000
26785905,10,1783885,1784000,Disliked,100379253,10037950000
26785905,10,56378,56500,Liked,933965,93400000
26785905,10,124853,125000,Disliked,2658364,265850000
26785905,10,63489,63500,Liked,1666111,166600000
26785905,10,958502,958500,Disliked,48882935,4888300000
26785905,10,134345,134500,Disliked,5157503,515750000
26785905,10,1655241,1655000,Disliked,132674793,13267500000
26785905,10,450690,450500,Disliked,19870430,1987050000
26785905,10,313930,314000,Disliked,7952139,795200000
26785905,10,1177971,1178000,Disliked,58672683,5867250000
26785905,10,123399,123500,Liked,4152196,415200000
26785905,10,245216,245000,Disliked,11296974,1129700000
26785905,10,112642,112500,Disliked,6141922,614200000
26785905,10,678209,678000,Disliked,44766701,4476650000
26785905,10,336897,337000,Disliked,24259229,2425900000
26785905,10,364228,364000,Disliked,40377550,4037750000
26785905,10,320171,320000,Disliked,37825880,3782600000
26785905,10,45804,46000,Disliked,2690127,269000000
26785905,10,67119,67000,Disliked,3320284,332050000
26785905,10,452020,452000,Disliked,44300525,4430050000
26785905,10,55985,56000,Liked,2630847,263100000
26785905,10,34293,34500,Disliked,2702612,270250000
26785905,10,1308350,1308500,Disliked,182576275,18257650000
26785905,10,106306,106500,Disliked,8773086,877300000
26785905,10,169452,169500,Disliked,12358454,1235850000
26785905,10,45441,45500,Liked,2287169,228700000
26785905,10,223753,224000,Disliked,19301464,1930150000
26785905,10,165356,165500,Liked,12474420,1247450000
26785905,10,892696,892500,Disliked,104166724,10416650000
26785905,10,68769,69000,Liked,4217815,421800000
26785905,10,93108,93000,Disliked,4400175,440000000
26785905,10,3154953,3155000,Disliked,582946211,58294600000
26785905,10,76450,76500,Disliked,4704041,470400000
26785905,10,7354292,7354500,Disliked,709471025,70947100000
26785905,10,60096,60000,Disliked,4145823,414600000
26785905,10,63139,63000,Disliked,3642269,364250000
26785905,10,655726,655500,Disliked,87199007,8719900000
26785905,10,1182938,1183000,Disliked,145248595,14524850000
26785905,10,45046,45000,Disliked,1792939,179300000
26785905,10,35296,35500,Liked,2815874,281600000
26785905,10,1557927,1558000,Disliked,220474910,22047500000
26785905,10,332676,332500,Disliked,33201604,3320150000
26785905,10,14253,14500,Disliked,1834446,183450000
26785905,10,1452861,1453000,Disliked,249229149,24922900000
26785905,10,34862,35000,Liked,4691102,469100000
26785905,10,33860,34000,Liked,3374636,337450000
26785905,10,252791,253000,Disliked,49864770,4986500000
26690486,10,250063,250000,Disliked,19079618,1907950000
26690486,10,232496,232500,Liked,14471969,1447200000
26690486,10,241557,241500,Disliked,12286303,1228650000
26690486,10,37729,37500,Disliked,1872778,187300000
26690486,10,526476,526500,Disliked,48385589,4838550000
26690486,10,72545,72500,Disliked,5236394,523650000
26690486,10,78422,78500,Disliked,5761895,576200000
26690486,10,1922195,1922000,Disliked,175430119,17543000000
26690486,10,1109450,1109500,Disliked,167913880,16791400000
26690486,10,616446,616500,Disliked,78053467,7805350000
26690486,10,5549934,5550000,Disliked,999108384,99910850000
26690486,10,237703,237500,Disliked,27062519,2706250000
26690486,10,90664,90500,Disliked,11443239,1144300000
26690486,10,2056860,2057000,Disliked,129445454,12944550000
26690486,10,243700,243500,Disliked,26115312,2611550000
26690486,10,7007,7000,Disliked,240745,24050000
26690486,10,19351,19500,Disliked,2028926,202900000
26690486,10,608187,608000,Disliked,77369111,7736900000
26690486,10,479357,479500,Disliked,70073954,7007400000
26690486,10,33894,34000,Disliked,3137042,313700000
26690486,10,1806324,1806500,Disliked,391123044,39112300000
26690486,10,46654,46500,Disliked,4738339,473850000
26690486,10,23346,23500,Disliked,2497947,249800000
26690486,10,1152664,1152500,Disliked,224193271,22419350000
26690486,10,40508,40500,Disliked,4347203,434700000
26690486,10,1200333,1200500,Disliked,277100380,27710050000
26690486,10,2643885,2644000,Disliked,698265689,69826550000
26690486,10,187860,188000,Disliked,31982869,3198300000
26690486,10,75298,75500,Disliked,13748238,1374800000
26690486,10,4510859,4511000,Disliked,1180666099,1.18E+11
26690486,10,392992,393000,Disliked,65571824,6557200000
26690486,10,244210,244000,Disliked,62367622,6236750000
26690486,10,38974,39000,Disliked,4461949,446200000
26690486,10,7327,7500,Disliked,1399766,140000000
26690486,10,3863,4000,Disliked,681942,68200000
26690486,10,4672,4500,Disliked,1214486,121450000
26690486,10,20637,20500,Disliked,4175858,417600000
26690486,10,1678701,1678500,Disliked,404284553,40428450000
26690486,10,27973,28000,Disliked,6603926,660400000
26690486,10,903238,903000,Disliked,204374930,20437500000
26690486,10,153275,153500,Disliked,33084813,3308500000
26690486,10,142478,142500,Disliked,46362149,4636200000
26690486,10,41799,42000,Disliked,10043353,1004350000
26690486,10,95605,95500,Disliked,22596559,2259650000
26690486,10,213939,214000,Disliked,61509687,6150950000
26690486,10,42666,42500,Disliked,10415843,1041600000
26690486,10,46017,46000,Disliked,9500347,950050000
26690486,10,59881,60000,Disliked,12187777,1218800000
26690486,10,41753,42000,Disliked,10274530,1027450000
218394,24,735,500,Disliked,137640,13750000
218394,24,303,500,Disliked,50986,5100000
218394,24,85,0,Disliked,19615,1950000
218394,24,67,0,Disliked,13048,1300000
218394,24,95,0,Disliked,15970,1600000
218394,24,929,1000,Disliked,324572,32450000
218394,24,99,0,Disliked,21345,2150000
218394,24,112,0,Disliked,16877,1700000
218394,24,138,0,Disliked,20760,2100000
218394,24,162,0,Disliked,24985,2500000
218394,24,1021,1000,Disliked,226496,22650000
218394,24,131,0,Disliked,22767,2300000
218394,24,200,0,Disliked,30517,3050000
218394,24,218,0,Disliked,26184,2600000
218394,24,115,0,Disliked,18604,1850000
26650795,24,204326,204500,Liked,1911216,191100000
26650795,24,218404,218500,Disliked,1912318,191250000
26650795,24,106440,106500,Liked,1533650,153350000
26650795,24,151694,151500,Liked,1722938,172300000
26650795,24,100475,100500,Liked,1339366,133950000
26650795,24,115209,115000,Liked,1861444,186150000
26650795,24,227685,227500,Disliked,2021890,202200000
26650795,24,286423,286500,Liked,3699993,370000000
26650795,24,151610,151500,Liked,2463518,246350000
26650795,24,152290,152500,Liked,1670075,167000000
26650795,24,150190,150000,Liked,1329301,132950000
26650795,24,141355,141500,Liked,1976308,197650000
26650795,24,118821,119000,Liked,1270689,127050000
26650795,24,156100,156000,Liked,1953837,195400000
26650795,24,129365,129500,Liked,1995395,199550000
26650795,20,146872,147000,Disliked,3278882,327900000
26650795,24,199036,199000,Liked,2730989,273100000
26650795,10,375219,375000,Liked,3547094,354700000
26650795,24,158280,158500,Liked,1875448,187550000
26650795,24,181791,182000,Liked,2888145,288800000
26650795,20,114714,114500,Disliked,2084777,208500000
26650795,24,220556,220500,Disliked,3058144,305800000
26650795,24,129633,129500,Disliked,2163385,216350000
26650795,24,100068,100000,Liked,1887887,188800000
26650795,24,148301,148500,Disliked,2520399,252050000
26650795,24,70914,71000,Disliked,1345707,134550000
26650795,24,158665,158500,Liked,2777431,277750000
26650795,24,140487,140500,Disliked,2152624,215250000
26650795,24,160060,160000,Liked,2605438,260550000
26650795,20,112042,112000,Disliked,2364143,236400000
26650795,24,106396,106500,Liked,1399102,139900000
26650795,24,216647,216500,Liked,3696153,369600000
26650795,24,69170,69000,Liked,1077094,107700000
26650795,24,116712,116500,Liked,1601237,160100000
26650795,24,86625,86500,Liked,1264712,126450000
26650795,20,123852,124000,Liked,2158262,215850000
26650795,24,381972,382000,Disliked,5429235,542900000
26650795,24,223209,223000,Liked,2179990,218000000
26650795,24,137761,138000,Liked,2398511,239850000
26650795,24,86262,86500,Liked,828906,82900000
26650795,24,125790,126000,Liked,1854673,185450000
26650795,24,173091,173000,Disliked,2022410,202250000
26650795,24,278802,279000,Liked,1882727,188250000
26650795,24,103521,103500,Disliked,1498899,149900000
26650795,24,129385,129500,Liked,1774481,177450000
26650795,24,170138,170000,Liked,2350371,235050000
26650795,24,156735,156500,Liked,1903083,190300000
26650795,24,288649,288500,Disliked,5367841,536800000
26650795,24,113346,113500,Disliked,1866121,186600000
26116495,24,3841,4000,Liked,141515,14150000
26116495,24,2367,2500,Liked,74937,7500000
26116495,24,3130,3000,Liked,141019,14100000
26116495,24,14062,14000,Liked,674560,67450000
26116495,24,52189,52000,Liked,2300753,230100000
26116495,24,4849,5000,Liked,300640,30050000
26116495,24,4296,4500,Liked,188989,18900000
26116495,24,5801,6000,Liked,240029,24000000
26116495,24,4357,4500,Liked,208879,20900000
26116495,24,9513,9500,Disliked,360374,36050000
26116495,24,4079,4000,Liked,181433,18150000
26116495,24,43407,43500,Disliked,2602419,260250000
26116495,24,15428,15500,Disliked,402741,40250000
26116495,24,21351,21500,Liked,317192,31700000
26116495,24,5781,6000,Liked,276123,27600000
26116495,24,9514,9500,Disliked,766458,76650000
26116495,24,1756,2000,Liked,46916,4700000
26116495,24,5760,6000,Liked,362244,36200000
26116495,24,18088,18000,Disliked,887003,88700000
26116495,24,6703,6500,Liked,287075,28700000
26116495,24,28830,29000,Liked,1407046,140700000
26116495,24,42277,42500,Liked,2213123,221300000
26116495,24,11414,11500,Disliked,533828,53400000
26116495,24,3255,3500,Liked,182801,18300000
26116495,24,3792,4000,Disliked,346818,34700000
26116495,24,2643,2500,Disliked,143093,14300000
26116495,24,1196,1000,Liked,41401,4150000
26116495,24,1858,2000,Disliked,91182,9100000
26116495,24,2442,2500,Liked,159711,15950000
26116495,24,1770,2000,Liked,91339,9150000
26116495,24,1686,1500,Disliked,114177,11400000
26116495,24,4312,4500,Liked,268542,26850000
26116495,24,2641,2500,Disliked,85871,8600000
26116495,24,280820,281000,Liked,4554459,455450000
25030322,24,472,500,Disliked,45565,4550000
25030322,24,26,0,Disliked,5995,600000
25030322,24,235,0,Disliked,13322,1350000
25030322,24,45,0,Disliked,6928,700000
25030322,24,63,0,Disliked,13433,1350000
25030322,24,177,0,Disliked,12317,1250000
25030322,24,105,0,Disliked,17307,1750000
25030322,24,165,0,Disliked,23929,2400000
25030322,24,232,0,Disliked,27971,2800000
25030322,24,885,1000,Disliked,101745,10150000
25030322,24,43,0,Disliked,7793,800000
25030322,24,55,0,Disliked,5098,500000
25030322,24,346,500,Disliked,50406,5050000
25030322,24,190,0,Disliked,29964,3000000
25030322,24,45,0,Disliked,7197,700000
25030322,24,93,0,Disliked,16151,1600000
25030322,24,25,0,Disliked,5728,550000
25030322,24,104,0,Disliked,18721,1850000
25030322,24,189,0,Disliked,11463,1150000
25030322,24,81,0,Disliked,8194,800000
25030322,24,596,500,Liked,23211,2300000
25030322,24,172,0,Disliked,16686,1650000
25030322,24,89,0,Disliked,15125,1500000
25030322,24,64,0,Disliked,19040,1900000
25030322,24,65,0,Disliked,20441,2050000
25030322,24,382,500,Disliked,31966,3200000
25030322,24,208,0,Disliked,40162,4000000
25030322,24,777,1000,Disliked,257961,25800000
25030322,24,6990,7000,Disliked,1043565,104350000
25030322,24,934,1000,Disliked,112917,11300000
25030322,24,38,0,Disliked,522,50000
25030322,24,147,0,Disliked,1232,100000
25030322,24,923,1000,Disliked,8469,850000
25030322,24,379,500,Disliked,3920,400000
25030322,24,153,0,Disliked,1537,150000
25030322,24,263,500,Disliked,2566,250000
25030322,24,85,0,Disliked,834,100000
25030322,24,116,0,Disliked,28138,2800000
25030322,24,1105,1000,Disliked,182632,18250000
25030322,24,203,0,Disliked,33712,3350000
25030322,24,172,0,Disliked,30258,3050000
25030322,24,472,500,Disliked,80333,8050000
25030322,24,56,0,Disliked,7415,750000
25030322,24,175,0,Disliked,21184,2100000
25030322,24,177,0,Disliked,24152,2400000
25030322,24,505,500,Disliked,80710,8050000
25030322,24,363,500,Disliked,16116,1600000
25030322,24,600,500,Disliked,26178,2600000
25030322,24,37,0,Disliked,4974,500000
23614524,10,3578847,3579000,Disliked,309220405,30922050000
23614524,10,82938,83000,Liked,2012565,201250000
23614524,10,78628,78500,Liked,1532938,153300000
23614524,10,144365,144500,Liked,2811453,281150000
23614524,10,114672,114500,Liked,1611729,161150000
23614524,10,70271,70500,Disliked,691549,69150000
23614524,10,92326,92500,Liked,1113774,111400000
23614524,10,192405,192500,Liked,3811288,381150000
23614524,10,2906031,2906000,Disliked,359270661,35927050000
23614524,10,137116,137000,Liked,2254945,225500000
23614524,10,146156,146000,Liked,1971831,197200000
23614524,10,292932,293000,Liked,3406380,340650000
23614524,10,5646052,5646000,Disliked,714008001,71400800000
23614524,10,141033,141000,Disliked,6192655,619250000
23614524,10,23993,24000,Disliked,714713,71450000
23614524,10,38122,38000,Disliked,904204,90400000
23614524,10,122536,122500,Liked,4512116,451200000
23614524,10,146802,147000,Liked,9804403,980450000
23614524,10,109740,109500,Liked,3745828,374600000
23614524,10,131079,131000,Liked,4435434,443550000
23614524,10,146716,146500,Liked,4748368,474850000
23614524,10,143711,143500,Liked,4670183,467000000
23614524,10,120180,120000,Liked,8715761,871600000
23614524,10,86686,86500,Liked,5934329,593450000
23614524,10,112547,112500,Liked,7917069,791700000
23614524,10,84858,85000,Liked,6729531,672950000
23614524,10,185111,185000,Liked,15552109,1555200000
23614524,10,144476,144500,Liked,9994046,999400000
23614524,10,2218117,2218000,Disliked,257222152,25722200000
23614524,10,247984,248000,Liked,19557870,1955800000
23614524,10,75958,76000,Liked,2015562,201550000
23614524,10,81539,81500,Liked,2279509,227950000
23614524,10,129458,129500,Liked,2460053,246000000
23614524,10,83893,84000,Liked,1994906,199500000
23614524,10,80656,80500,Liked,1738322,173850000
23614524,10,164386,164500,Liked,16122036,1612200000
23614524,10,240731,240500,Liked,23043709,2304350000
23614524,10,141744,141500,Liked,10647218,1064700000
23614524,10,131296,131500,Liked,11620794,1162100000
23614524,10,248621,248500,Liked,12852631,1285250000
23614524,10,140490,140500,Liked,12956461,1295650000
23614524,10,2524479,2524500,Disliked,286375678,28637550000
23614524,10,181350,181500,Liked,6608910,660900000
23614524,10,91701,91500,Liked,3048428,304850000
23614524,10,84294,84500,Liked,2759169,275900000
23614524,10,91253,91500,Liked,2948236,294800000
23614524,10,88830,89000,Liked,3808577,380850000
23614524,10,60166,60000,Disliked,1445130,144500000
23614524,10,110372,110500,Liked,3117180,311700000